File,seq,len,INTERFACE DELTA SASA,DELTA UNSTAT HBONDS,CROSS INTERFACE HBONDS,SHAPE COMPLEMENTARITY VALUE,target,contact_molecular_surface,TOTAL SASA,NUMBER OF RESIDUES,AVG RESIDUE ENERGY,INTERFACE HYDROPHOBIC SASA,INTERFACE POLAR SASA,CROSS-INTERFACE ENERGY SUMS,SEPARATED INTERFACE ENERGY DIFFERENCE,CROSS-INTERFACE ENERGY/INTERFACE DELTA SASA,SEPARATED INTERFACE ENERGY/INTERFACE DELTA SASA,HBOND ENERGY,HBOND ENERGY/ SEPARATED INTERFACE ENERGY,INTERFACE PACK STAT,total_score,complex_normalized,dG_cross,dG_cross/dSASAx100,dG_separated,dG_separated/dSASAx100,dSASA_hphobic,dSASA_int,dSASA_polar,delta_unsatHbonds,dslf_fa13,fa_atr,fa_dun,fa_elec,fa_intra_rep,fa_intra_sol_xover4,fa_rep,fa_sol,hbond_E_fraction,hbond_bb_sc,hbond_lr_bb,hbond_sc,hbond_sr_bb,hbonds_int,lk_ball_wtd,nres_all,nres_int,omega,p_aa_pp,packstat,per_residue_energy_int,pro_close,rama_prepro,ref,sc_value,side1_normalized,side1_score,side2_normalized,side2_score,yhh_planarity
1sfi_gd_0_log.txt,CDAGCKQEMGSRHV,14,245.833,0,0,0.55,1.3520815,41.51379776,10626.1,10,37.6509,195.846,49.9877,-3.87012,-3.6759,-0.0157428,-0.0149528,0,0,0.585885,338.475,1.368,-3.87,-1.574,-3.676,-1.495,195.846,245.833,49.988,0,2.653,-1283.709,263.536,-328.403,2.101,34.521,971.092,759.839,0,-49.796,-80.81,-12.918,-35.086,0,-34.5,237,10,54.273,-53.786,0.586,37.651,5.439,-2.339,125.846,0.55,-0.598,-3.587,95.024,380.096,0.52
1sfi_gd_1_log.txt,PKCRDVTSEDPVII,14,1443.17,15,9,0.741624,10.70289508,488.0343933,9451.75,39,17.8541,778.918,664.254,-44.8749,-34.2687,-0.0310946,-0.0237454,-6.06177,0.176889,0.638887,269.224,1.086,-44.875,-3.109,-34.269,-2.375,778.918,1443.171,664.254,15,0.945,-1348.075,256.193,-347.469,2.081,34.604,957.122,804.627,0.177,-52.963,-83.67,-15.874,-34.561,9,-36.984,237,39,52.864,-53.038,0.639,17.854,12.914,-2.774,122.734,0.742,-1.948,-54.545,68.26,750.857,0.548
1sfi_gd_2_log.txt,CMPGDERESCAKCR,14,1530.74,15,8,0.64059,9.805767366,434.4169312,9293.68,38,19.8821,794.394,736.345,-41.657,-25.632,-0.0272137,-0.0167449,-7.38449,0.288096,0.643536,312.167,1.25,-41.657,-2.721,-25.632,-1.674,794.394,1530.739,736.345,15,0.014,-1345.896,265.213,-354.099,2.039,35.206,997.611,812.326,0.288,-53.561,-83.174,-18.8,-36.377,8,-35.807,237,38,53.567,-52.262,0.644,19.882,6.568,-3.887,122.949,0.641,-1.349,-36.419,71.994,791.937,0.537
1sld_gd_0_log.txt,LPCGGK,6,613.966,4,0,0.601522,3.693140563,159.9946289,7456.32,21,11.1791,544.643,69.3226,-13.3367,-10.9892,-0.0217222,-0.0178986,0,0,0.695414,91.379,0.709,-13.337,-2.172,-10.989,-1.79,544.643,613.966,69.323,4,0,-613.945,149.207,-180.015,1.162,19.459,229.574,384.154,0,-10.655,-63.076,-7.2,-11.835,0,-14.542,127,21,94.343,-20.596,0.695,11.179,41.818,18.806,74.55,0.602,-1.948,-29.22,43.997,263.981,0.17
1sld_gd_1_log.txt,DCPCGV,6,686.996,9,2,0.512913,3.523691793,175.5768433,7155.03,22,32.9835,470.204,216.792,-18.272,-14.9592,-0.026597,-0.0217747,-1.84824,0.123553,0.57584,580.57,4.526,-18.272,-2.66,-14.959,-2.177,470.204,686.997,216.792,9,5.402,-620.048,134.849,-184.582,1.147,19.507,859.684,398.677,0.124,-10.409,-63.43,-7.22,-12.705,2,-13.365,127,22,23.314,-28.433,0.576,32.984,0.925,0.624,76.556,0.513,-1.596,-25.536,125.196,751.173,0.078
1sld_gd_2_log.txt,WLPCCP,6,897.685,5,1,0.529362,4.75200327,233.9425354,7180.65,21,38.1105,710.863,186.823,-21.0264,-15.4754,-0.0234229,-0.0172393,-1.31971,0.0852779,0.656651,659.227,5.147,-21.026,-2.342,-15.475,-1.724,710.863,897.685,186.823,5,0,-631.962,135.285,-181.346,1.192,20.453,941.71,398.627,0.085,-10.554,-64.398,-4.762,-12.129,1,-10.538,127,21,24.298,-27.036,0.657,38.11,3.889,-1.047,77.541,0.529,-1.612,-24.178,137.416,824.498,0.006
1smf_gd_0_log.txt,RCVPERTPM,9,1058.4,12,6,0.691107,7.314676488,319.1713562,9244.63,31,25.163,554.391,504.012,-32.1492,-25.5753,-0.0303752,-0.024164,-5.69173,0.222548,0.728438,331.887,1.412,-32.149,-3.038,-25.575,-2.416,554.391,1058.403,504.012,12,-1.89,-1325.096,255.66,-341.535,2.038,33.431,1019.498,779.651,0.223,-50.145,-83.363,-14.607,-33.751,6,-36.813,232,31,49.859,-50.655,0.728,25.163,7.178,-0.383,122.342,0.691,-1.448,-31.856,90.212,811.909,0.466
1smf_gd_1_log.txt,PTRCMDVPP,9,1052.16,13,7,0.570018,5.997501389,279.0185852,9282.17,30,21.3801,509.811,542.351,-27.5839,-22.0989,-0.0262164,-0.0210033,-6.82266,0.308734,0.673622,189.91,0.798,-27.584,-2.622,-22.099,-2.1,509.811,1052.162,542.351,13,-2.159,-1308.098,245.197,-329.492,2.019,32.598,871.737,770.184,0.309,-51.16,-81.428,-15.074,-33.644,7,-38.182,232,30,49.976,-52.878,0.674,21.38,11.485,-2.91,121.372,0.57,-1.515,-33.328,84.341,674.729,0.369
1smf_gd_2_log.txt,VPPPTRCMD,9,1130.17,17,7,0.708502,8.007277053,342.8876038,9254.66,32,24.3242,591.301,538.865,-33.4933,-30.4559,-0.0296357,-0.0269481,-7.48945,0.245911,0.73928,320.916,1.371,-33.493,-2.964,-30.456,-2.695,591.301,1130.166,538.865,17,-2.016,-1319.436,242.544,-341.802,2.001,32.603,1023.74,776.49,0.246,-51.122,-82.39,-16.431,-34.364,7,-35.192,232,32,52.137,-52.66,0.739,24.324,7.158,-2.2,121.372,0.709,-1.704,-40.9,102.409,819.276,0.483
3p72_gd_0_log.txt,HKENPFNKHDR,11,1420.02,3,4,0.523757,7.437454151,382.5836792,13666.1,30,10.628,733.457,686.563,-27.2911,-24.9018,-0.0192188,-0.0175362,-3.31962,0.133309,0.481157,282.417,0.954,-27.291,-1.922,-24.902,-1.754,733.457,1420.02,686.563,3,1.352,-1608.651,349.553,-352.633,2.826,47.612,1069.183,879.325,0.133,-52.545,-82.631,-11.729,-38.429,4,-39.858,280,30,41.749,-41.152,0.481,10.628,16.203,21.876,80.289,0.524,-2.596,-57.111,46.994,375.952,0.077
3p72_gd_1_log.txt,NKTMKSCRLED,11,1147.88,4,2,0.547137,6.280476196,288.5426331,13873.9,25,14.3468,661.573,486.304,-23.0516,-21.1946,-0.020082,-0.0184642,-2.53801,0.119748,0.460317,291.257,1.032,-23.052,-2.008,-21.195,-1.846,661.573,1147.877,486.304,4,1.267,-1600.601,342.931,-345.945,2.788,45.39,1074.805,875.145,0.12,-51.224,-84.045,-12.762,-37.139,2,-40.694,280,25,41.31,-42.789,0.46,14.347,15.591,16.976,90.092,0.547,-2.559,-46.055,57.818,404.724,0.161
3p72_gd_2_log.txt,DCNINRHCEIF,11,942.207,2,0,0.3234,3.047097438,205.3616791,13898.7,18,22.0633,529.523,412.684,138.723,138.855,0.147232,0.147372,0,0,0.44929,490.909,1.719,138.723,14.723,138.855,14.737,529.523,942.207,412.684,2,2.926,-1593.25,343.534,-316.961,2.843,46.099,1235.81,859.147,0,-49.089,-82.517,-6.465,-39.643,0,-38.384,280,18,41.266,-42.965,0.449,22.063,15.479,18.284,94.78,0.323,-2.286,-25.15,60.327,422.289,0.014
3zgc_gd_0_log.txt,EDPDEFP,7,834.522,4,4,0.544295,4.54226152,224.5443268,11990.1,23,14.0336,473.546,360.976,-22.7181,-18.8539,-0.0272229,-0.0225924,-3.15998,0.167604,0.874036,89.541,0.289,-22.718,-2.722,-18.854,-2.259,473.546,834.522,360.976,4,0,-1761.296,372.038,-483.196,2.756,49.759,1027.126,1005.951,0.168,-44.703,-150.828,-35.382,-22.313,4,-31.077,292,23,71.941,-64.909,0.874,14.034,10.216,7.536,135.757,0.544,-2.864,-51.557,74.866,374.331,0.167
3zgc_gd_1_log.txt,ETPAGCD,7,358.214,0,2,0.198393,0.710671501,97.53395844,12455.4,6,44.8268,188.946,169.268,-8.56818,-8.10849,-0.0239192,-0.0226359,-3.07577,0.379327,0.636333,-149.137,-0.524,-8.568,-2.392,-8.108,-2.264,188.946,358.214,169.268,0,0,-1721.049,359.006,-478.919,2.692,46.896,739.954,976.519,0.379,-43.478,-150.766,-35.55,-21.573,2,-31.907,292,6,103.963,-63.124,0.636,44.827,6.706,13.713,147.581,0.198,0.182,0.727,134.117,268.234,0.199
3zgc_gd_2_log.txt,EEVGNGD,7,652.098,0,4,0.718091,4.682657049,182.8832703,12077,20,17.7746,322.476,329.622,-15.9849,-14.0907,-0.024513,-0.0216083,-1.99695,0.141721,0.733716,132.633,0.437,-15.985,-2.451,-14.091,-2.161,322.476,652.098,329.622,0,0,-1747.183,363.022,-487.007,2.729,49.074,1084.03,997.327,0.142,-47.289,-150.907,-36.438,-22.613,4,-33.075,292,20,73.268,-66.738,0.734,17.775,5.964,5.414,142.869,0.718,-2.766,-41.493,79.397,396.985,0.187
4ib5_gd_0_log.txt,NCVCSEKQNPGYF,13,1099.24,2,3,0.720772,7.923014133,311.2246094,16753.1,26,31.0725,707.94,391.298,-33.0527,-25.1509,-0.0300688,-0.0228803,-3.35982,0.133587,0.691577,175.254,0.48,-33.053,-3.007,-25.151,-2.288,707.94,1099.237,391.298,2,0,-2148.82,543.052,-531.144,3.98,77.947,1178.846,1309.135,0.134,-57.738,-51.813,-45.254,-106.55,3,-53.663,342,26,45.938,-48.651,0.692,31.072,9.86,-13.677,63.399,0.721,-3.202,-54.431,95.813,862.315,0.407
4ib5_gd_1_log.txt,LAAVMRGAKWTMD,13,1048.96,4,3,0.676316,7.094284314,311.0375977,16603.3,27,25.106,674.67,374.295,-33.9546,-26.1556,-0.0323696,-0.0249347,-3.15994,0.120813,0.634654,41.562,0.106,-33.955,-3.237,-26.156,-2.493,674.67,1048.965,374.295,4,0,-2158.701,537.345,-541.343,3.981,78.673,1055.574,1312.165,0.121,-57.828,-52.839,-42.913,-107.458,3,-55.201,342,27,46.112,-48.509,0.635,25.106,9.143,-10.945,74,0.676,-3.387,-60.964,82.092,738.827,0.305
4ib5_gd_2_log.txt,ETSKRKGGWKHYG,13,1021.51,2,5,0.726763,7.423956721,278.351593,16998.9,24,29.0012,653.847,367.659,-38.3755,-35.3426,-0.0375675,-0.0345985,-5.90207,0.166996,0.469319,65.831,0.174,-38.375,-3.757,-35.343,-3.46,653.847,1021.507,367.659,2,0,-2127.037,539.028,-539.271,3.928,77.367,1062.165,1305.469,0.167,-61.249,-52.567,-38.976,-106.032,5,-50.884,342,24,45.272,-50.338,0.469,29.001,8.699,-11.991,61.987,0.727,-3.282,-49.222,82.806,745.251,0.26
4kel_gd_0_log.txt,APITFELCHVMVID,14,1117.13,7,4,0.641722,7.168868979,328.45755,10853.9,30,11.5455,878.928,238.202,-32.4912,-30.3935,-0.0290845,-0.0272067,-3.11667,0.102544,0.69787,315.078,1.312,-32.491,-2.908,-30.393,-2.721,878.928,1117.13,238.202,7,-1.493,-1350.324,281.89,-315.477,2.141,36.099,1032.329,715.272,0.103,-40.834,-81.968,-7.718,-40.08,4,-31.702,237,30,49.244,-48.393,0.698,11.545,9.629,-0.976,107.403,0.642,-1.814,-36.275,38.264,382.639,0.036
4kel_gd_1_log.txt,LQQAGDIYYRCSEG,14,1391.35,9,9,0.708248,9.854208548,430.9934387,10353.9,37,18.4136,810.838,580.515,-45.1881,-41.0547,-0.0324778,-0.0295071,-7.94793,0.193593,0.716337,270.149,1.106,-45.188,-3.248,-41.055,-2.951,810.838,1391.353,580.515,9,-1.133,-1381.937,288.357,-333.838,2.094,36.752,1003.231,763.914,0.194,-42.108,-87.078,-9.018,-44.244,9,-30.387,237,37,50.103,-46.966,0.716,18.414,9.21,-4.02,97.205,0.708,-1.812,-45.302,60.55,726.604,0.012
4kel_gd_2_log.txt,CKKLGLSHLLDREL,14,1123.58,11,4,0.655636,7.366594969,321.3355103,10717,30,10.698,758.143,365.436,-30.8649,-28.1815,-0.0274701,-0.0250819,-3.66084,0.129902,0.826633,274.967,1.12,-30.865,-2.747,-28.181,-2.508,758.143,1123.579,365.436,11,-0.928,-1365.679,284.977,-327.846,2.137,37.482,992.505,755.123,0.13,-42.638,-85.74,-6.948,-40.18,4,-31.857,237,30,47.598,-46.924,0.827,10.698,9.197,-4.756,99.431,0.656,-1.891,-37.811,35.875,358.751,0.012
5h5q_gd_0_log.txt,QYINRRKTTTQDH,13,707.787,2,0,0.593942,4.203844264,166.836853,9063.06,16,19.6678,345.411,362.376,-9.28081,-7.68612,-0.0131124,-0.0108594,0,0,0.698359,1976.599,11.091,-9.281,-1.311,-7.686,-1.086,345.411,707.787,362.376,2,0,-1119.575,299.711,-295.695,1.969,35.394,2459.789,708.348,0,-38.933,-35.864,-11.407,-45.129,0,-25.864,178,16,42.073,-22.474,0.698,19.668,3.986,-14.301,34.569,0.594,-2.585,-25.852,56.756,340.537,0.001
5h5q_gd_1_log.txt,AKKMGTISCDKKE,13,813.392,0,3,0.720397,5.859651566,212.1172485,8813.38,25,28.3036,519.235,294.157,-25.5233,-21.2776,-0.0313789,-0.0261591,-3.36118,0.157968,0.747414,421.031,2.328,-25.523,-3.138,-21.278,-2.616,519.235,813.392,294.157,0,0,-1111.927,276.842,-298.477,1.899,34.054,954.947,697.003,0.158,-37.345,-39.486,-10.877,-44.737,3,-29.2,178,25,35.611,-24.439,0.747,28.304,3.709,-24.851,38.293,0.72,-3.879,-62.062,85.517,769.652,0.012
5h5q_gd_2_log.txt,RNPKESNEDWILL,13,1070.4,5,4,0.578937,6.196941648,294.8963928,8537.21,28,26.0277,572.383,498.012,-28.8978,-25.0256,-0.0269973,-0.0233797,-3.78081,0.151078,0.732281,473.162,2.615,-28.898,-2.7,-25.026,-2.338,572.383,1070.396,498.012,5,0,-1137.205,306.238,-300.717,1.974,36.594,983.488,707.539,0.151,-38.079,-36.343,-8.857,-46.755,4,-24.317,178,28,39.304,-24.291,0.732,26.028,4.792,-20.892,30.691,0.579,-2.777,-55.542,98.04,784.319,0
5tu6_gd_0_log.txt,SVFGSEC,7,896.137,2,0,0.660088,5.915292801,235.5266571,14435.6,23,29.3915,624.296,271.841,-18.8073,-18.4016,-0.020987,-0.0205343,0,0,0.688351,92.358,0.272,-18.807,-2.099,-18.402,-2.053,624.296,896.137,271.841,2,0,-1847.358,467.434,-498.443,3.689,59.4,919.796,1086.566,0,-25.683,-88.645,-14.711,-104.75,0,-47.416,303,23,109.755,-23.495,0.688,29.392,8.533,31.429,55.554,0.66,-1.898,-32.273,118.046,708.278,0.702
5tu6_gd_1_log.txt,CENGCHY,7,931.667,10,4,0.635337,5.919225168,285.175354,14407.3,26,27.1807,588.594,343.073,-21.8694,-16.9167,-0.0234735,-0.0181575,-4.00482,0.236737,0.690433,122.755,0.387,-21.869,-2.347,-16.917,-1.816,588.594,931.667,343.073,10,5.25,-1873.213,471.614,-494.676,3.667,60.044,1038.385,1107.314,0.237,-27.74,-88.117,-19.049,-104.145,4,-45.208,303,26,49.749,-33.092,0.69,27.181,8.21,8.069,54.469,0.635,-1.709,-34.171,123.478,740.87,1.222
5tu6_gd_2_log.txt,HLCEGNC,7,948.751,12,1,0.546508,5.185000115,256.3349609,14374,26,28.9277,602.186,346.566,-17.9447,-12.0697,-0.0189141,-0.0127217,-1.52998,0.126762,0.668856,199.579,0.625,-17.945,-1.891,-12.07,-1.272,602.185,948.751,346.566,12,6.924,-1867.541,480.331,-484.078,3.685,59.951,1085.129,1105.828,0.127,-25.905,-87.936,-14.313,-104.183,1,-45.211,303,26,47.412,-32.727,0.669,28.928,8.567,7.712,55.548,0.547,-1.566,-31.317,130.573,783.437,0.384
6d40_gd_0_log.txt,QFFSGKAEGDPDEK,14,1296.64,9,8,0.747302,9.689816653,398.9777832,11512.2,36,19.883,697.197,599.444,-45.1541,-34.2588,-0.0348239,-0.0264212,-6.21661,0.18146,0.654674,294.803,1.098,-45.154,-3.482,-34.259,-2.642,697.197,1296.641,599.444,9,1.331,-1509.842,334.316,-378.276,2.449,44.063,998.338,864.368,0.181,-36.447,-91.897,-11.13,-39.894,8,-34.284,260,36,81.106,-57.52,0.655,19.883,14.193,11.34,102.54,0.747,-1.434,-35.861,68.332,751.649,0.051
6d40_gd_1_log.txt,PGETAWGKPVEIKE,14,1184.02,7,5,0.6664,7.89030928,328.7697754,11570.5,24,-1.26127,641.363,542.661,-27.8605,-22.5904,-0.0235304,-0.0190794,-3.05864,0.135395,0.737903,266.715,1.004,-27.861,-2.353,-22.59,-1.908,641.363,1184.024,542.661,7,0.213,-1496.354,326.801,-373.222,2.453,43.078,958.329,852.156,0.135,-39.109,-89.415,-9.94,-38.976,5,-33.541,260,24,79.948,-57.869,0.738,-1.261,20.847,11.056,110.127,0.666,-1.439,-21.591,-0.964,-8.68,0.131
6d40_gd_2_log.txt,MKEDPEMVYCSGQQ,14,993.121,4,6,0.759813,7.545862464,287.885376,11714.7,32,9.73102,579.972,413.149,-38.6634,-35.2031,-0.0389313,-0.0354469,-6.4254,0.182524,0.718096,261.646,0.962,-38.663,-3.893,-35.203,-3.545,579.972,993.12,413.149,4,1.834,-1510.896,331.376,-376.224,2.423,43.067,967.891,856.54,0.183,-35.693,-91.067,-11.22,-41.128,6,-32.71,260,32,82.254,-57.242,0.718,9.731,15.116,8.082,109.184,0.76,-1.747,-38.443,34.984,349.835,0.058
6u6k_gd_0_log.txt,ETDPRIKNFGS,11,548.438,0,0,0.642074,3.521377804,119.3984299,8561.93,14,27.8227,448.138,100.301,-6.89026,-6.3718,-0.0125634,-0.0116181,0,0,0.534554,559.747,4.057,-6.89,-1.256,-6.372,-1.162,448.138,548.438,100.301,0,0,-803.622,229.75,-186.612,1.635,26.343,709.259,491.469,0,-17.498,-5.328,-4.865,-56.829,0,-28.962,137,14,128.822,-21.834,0.535,27.823,43.156,48.984,5.587,0.642,0.477,3.817,64.284,385.702,0.291
6u6k_gd_1_log.txt,EGGGRGLKEIM,11,786.307,6,0,0.436576,3.432827648,172.2536316,8132.85,16,18.948,511.061,275.246,-13.3447,-0.225545,-0.0169713,-0.000286841,0,0,0.512716,280.085,1.975,-13.345,-1.697,-0.226,-0.029,511.061,786.307,275.246,6,0,-824.989,222.981,-187.397,1.533,26.185,501.708,510.704,0,-17.694,-6.026,-3.778,-57.774,0,-27.768,137,16,130.383,-22.935,0.513,18.948,6.93,16.262,11.624,0.437,-0.526,-4.733,43.986,307.902,0.136
6u6k_gd_2_log.txt,KENNPHNRGGL,11,910.611,0,5,0.755624,6.880795263,283.1766968,8134.89,19,20.3661,556.596,354.015,-25.6814,-24.0613,-0.0282024,-0.0264233,-3.65149,0.151758,0.619716,548.822,3.994,-25.681,-2.82,-24.061,-2.642,556.596,910.611,354.015,0,0,-834.453,207.645,-223.962,1.471,26.34,972.286,530.088,0.152,-20.559,-7.384,-7.142,-59.039,5,-29.281,137,19,14.051,-25.492,0.62,20.366,8.818,-7.884,2.827,0.756,-1.748,-19.229,50.773,406.186,0.492
6vxy_gd_0_log.txt,MCWPTANEAWSEDE,14,1427.8,16,5,0.684848,9.778259744,431.9726257,9342.09,31,21.7608,840.428,587.375,-46.4018,-41.4797,-0.0324987,-0.0290514,-2.99591,0.0722261,0.755459,240.185,0.985,-46.402,-3.25,-41.48,-2.905,840.427,1427.803,587.375,16,0.23,-1355.497,267.382,-339.307,2.076,35.909,934.226,791.856,0.072,-51.973,-81.462,-14.524,-36.294,5,-38.802,237,31,52.06,-50.116,0.755,21.761,6.235,-1.726,119.479,0.685,-1.831,-42.102,89.586,716.687,0.434
6vxy_gd_1_log.txt,GEEAEVPVKCQPKA,14,1148.92,11,4,0.72954,8.381830968,347.3945007,9648.84,34,10.8032,658.413,490.508,-36.0168,-27.2853,-0.0313484,-0.0237486,-3.63018,0.133045,0.697017,316.886,1.33,-36.017,-3.135,-27.285,-2.375,658.413,1148.921,490.508,11,-0.078,-1349.495,261.466,-347.539,2.057,33.935,1017.162,793.407,0.133,-51.008,-83.823,-15.436,-33.858,4,-38.966,237,34,54.586,-48.255,0.697,10.803,6.952,-2.035,117.483,0.73,-1.48,-35.515,40.282,402.824,0.329
6vxy_gd_2_log.txt,QVKCVDRKTANKEM,14,1566.2,17,8,0.727108,11.3879655,462.6035461,9460.52,40,18.9481,748.712,817.492,-50.2279,-45.3419,-0.0320698,-0.0289502,-6.86599,0.151427,0.649803,318.926,1.324,-50.228,-3.207,-45.342,-2.895,748.712,1566.204,817.492,17,0.341,-1371.879,265.56,-360.553,2.101,34.916,1031.952,814.369,0.151,-55.844,-83.456,-17.396,-36.613,8,-35.974,237,40,54.728,-49.822,0.65,18.948,5.783,-2.381,122.61,0.727,-1.686,-47.22,67.095,805.145,0.484
7ezw_gd_0_log.txt,ADINDIANPCG,11,573.228,4,1,0.643906,3.691049486,112.500824,10065.7,11,32.8516,305.286,267.942,-14.0758,-9.94668,-0.0245554,-0.0173521,-1.04535,0.105096,0.680835,406.157,2.176,-14.076,-2.456,-9.947,-1.735,305.286,573.228,267.942,4,0,-1080.792,273.128,-330.581,2.033,41.222,920.268,700.46,0.105,-19.981,-56.66,-16.795,-49.473,1,-27.671,186,11,34.5,-29.857,0.681,32.852,3.386,-13.171,55.906,0.644,-2.334,-16.338,94.426,377.705,0.236
7ezw_gd_1_log.txt,DDPFPKGKDIS,11,1072.26,6,3,0.625704,6.70917371,311.0932617,10037.8,23,33.7948,639.313,432.944,-26.088,-20.7921,-0.02433,-0.019391,-2.89508,0.139239,0.646677,447.235,2.343,-26.088,-2.433,-20.792,-1.939,639.313,1072.257,432.944,6,0,-1097.845,289.938,-341.803,2.01,40.192,972.081,710.553,0.139,-24.01,-59.834,-18.85,-47.611,3,-26.417,186,23,37.899,-30.53,0.647,33.795,3.294,-8.067,46.089,0.626,-2.03,-28.423,89.523,805.703,0.145
7ezw_gd_2_log.txt,HTDDGMTSPKH,11,1414.16,22,5,0.680065,9.617207204,404.1468201,9446.54,32,23.6947,856.432,557.733,-34.2309,-23.6522,-0.0242057,-0.0167252,-3.58524,0.151582,0.642063,423.044,2.209,-34.231,-2.421,-23.652,-1.673,856.432,1414.165,557.733,22,0,-1122.795,290.112,-347.528,2.028,39.874,957.484,728.313,0.152,-23.567,-58.128,-22.501,-48.041,5,-25.201,186,32,37.255,-28.308,0.642,23.695,4.031,-10.61,50.431,0.68,-1.419,-31.228,78.946,789.457,0.195
7k2j_gd_0_log.txt,EYGDGDE,7,832.427,10,3,0.556361,4.631299181,245.0345612,11705.5,18,42.8359,358.737,473.691,-15.0125,-11.9776,-0.0180346,-0.0143888,-2.49325,0.208159,0.829414,219.223,0.749,-15.013,-1.803,-11.978,-1.439,358.737,832.427,473.691,10,0,-1756.405,377.33,-484.655,2.776,47.68,1118.832,1015.972,0.208,-41.515,-149.533,-32.263,-21.83,3,-31.728,290,18,73.718,-63.949,0.829,42.836,6.5,18.812,139.3,0.556,-2.843,-36.964,161.602,808.01,0.18
7k2j_gd_1_log.txt,EEVPDWD,7,975.578,8,2,0.49811,4.859451576,273.434021,11569.8,22,15.8468,486.143,489.435,-16.7532,-12.9863,-0.0171726,-0.0133114,-2.72005,0.209456,0.840497,192.016,0.65,-16.753,-1.717,-12.986,-1.331,486.143,975.578,489.435,8,0,-1767.846,385.691,-486.045,2.805,47.941,1087.503,1019.941,0.209,-42.645,-149.561,-31.537,-23.294,2,-29.456,290,22,70.78,-62.489,0.84,15.847,7.412,22.341,140.382,0.498,-2.07,-33.116,63.624,381.746,0.093
7k2j_gd_2_log.txt,QSAEDGE,7,794.161,8,5,0.64794,5.145686783,240.5460052,11712,24,31.6898,325.027,469.134,-18.7892,-15.6289,-0.0236592,-0.0196797,-3.63873,0.232821,0.806975,227.399,0.773,-18.789,-2.366,-15.629,-1.968,325.027,794.161,469.134,8,0,-1762.863,376.88,-494.634,2.766,46.836,1131.029,1033.877,0.233,-44.415,-149.612,-30.774,-21.301,5,-31.485,290,24,68.359,-63.67,0.807,31.69,6.843,19.675,139.649,0.648,-2.781,-52.834,162.678,813.39,0.238
