,binder_blocked_sap,buns_heavy_ball_1.1D,contact_molec_sq5_apap_target,contact_molecular_surface,contact_molecular_surface_ap_target,contact_molecular_surface_apap_target,ddg,interface_buried_sasa,interface_sc,sap_score,sap_score_target,target_blocked_sap,name
0,115.77017974853516,0.0,2895.44091796875,261.00457763671875,192.0062255859375,174.9394989013672,-12.90870189666748,1083.4083251953125,0.34447720646858215,121.415283203125,14.02630615234375,3.864976406097412,3p72_mcmc_1_min
1,66.75411987304688,3.0,4821.705078125,375.3542175292969,277.9046630859375,268.54638671875,-37.95790481567383,1262.9609375,0.7138333320617676,78.45265197753906,23.38031005859375,3.150928497314453,4kel_mcmc_0_min
2,65.88390350341797,1.0,1207.7291259765625,249.06747436523438,60.183406829833984,47.95452880859375,-11.883970260620117,1001.1786499023438,0.6116490960121155,79.95926666259766,1.0927568674087524,0.6475167870521545,6u6k_mcmc_0_min
3,43.460201263427734,0.0,2701.3095703125,294.9183044433594,165.83453369140625,140.5459747314453,-22.74192237854004,1066.41796875,0.7429933547973633,46.928749084472656,9.997349739074707,3.983949661254883,5h5q_mcmc_0_min
4,54.756980895996094,2.0,3116.0029296875,368.17547607421875,193.5276336669922,180.0966796875,-29.957975387573242,1333.9320068359375,0.6335984468460083,63.403499603271484,14.650047302246094,5.641567707061768,6vxy_mcmc_2_min
5,54.38862991333008,6.0,2551.424072265625,475.0050048828125,153.92990112304688,135.0768280029297,-34.46766662597656,1617.11376953125,0.6779040694236755,63.283992767333984,4.982595443725586,1.5580267906188965,1sfi_mcmc_0_min
6,90.58710479736328,0.0,932.8358764648438,192.09317016601562,64.38642883300781,48.1461067199707,-14.323596000671387,683.4578857421875,0.6198225021362305,96.77069091796875,1.8983184099197388,1.7223773002624512,7k2j_mcmc_1_min
7,88.68684387207031,2.0,2469.40185546875,390.473876953125,171.91331481933594,153.3099822998047,-22.85748291015625,1349.1484375,0.6726701259613037,91.65986633300781,6.995135307312012,3.73608136177063,6d40_mcmc_0_min
8,117.6873550415039,0.0,1718.1043701171875,227.49888610839844,75.7669906616211,73.45381164550781,11.359684944152832,947.2281494140625,0.49863651394844055,121.2102279663086,6.197798252105713,0.549942135810852,3p72_mcmc_0_min
9,44.21268844604492,0.0,2140.328369140625,218.79046630859375,118.21886444091797,101.60433959960938,-8.51563835144043,910.5050659179688,0.5538525581359863,56.03890609741211,5.746193885803223,2.6957008838653564,1sld_mcmc_1_min
10,54.25688552856445,3.0,2984.04248046875,406.0816955566406,175.4390411376953,158.86297607421875,-29.588375091552734,1364.25341796875,0.6816504597663879,63.36392593383789,16.851539611816406,6.9197306632995605,6vxy_mcmc_1_min
11,92.5137939453125,2.0,1039.9935302734375,188.92311096191406,51.895355224609375,44.30023193359375,-11.626811981201172,734.2034301757812,0.5330511331558228,98.33081817626953,6.269721031188965,1.9127851724624634,7k2j_mcmc_2_min
12,60.18486404418945,1.0,4668.90283203125,373.3587646484375,302.07867431640625,275.72393798828125,-24.071043014526367,1110.5758056640625,0.6897762417793274,69.22109985351562,14.6688814163208,1.5508997440338135,7ezw_mcmc_1_min
13,107.43290710449219,1.0,1674.55908203125,255.27499389648438,69.12647247314453,58.01261520385742,-7.211514949798584,945.7081909179688,0.6050684452056885,117.50260925292969,3.3777458667755127,0.32031017541885376,5tu6_mcmc_0_min
14,54.706787109375,1.0,4597.2744140625,430.1913146972656,316.09228515625,300.73834228515625,-31.773632049560547,1361.6170654296875,0.717711329460144,62.269309997558594,24.283933639526367,7.591445446014404,1sfi_mcmc_2_min
15,87.96936798095703,2.0,2606.353271484375,239.87693786621094,134.60614013671875,119.60591888427734,-18.256229400634766,919.3824462890625,0.4743422269821167,93.16728973388672,8.115277290344238,1.4635742902755737,3zgc_mcmc_2_min
16,105.52568817138672,3.0,3619.1884765625,284.2286376953125,199.89364624023438,175.80911254882812,-21.4424991607666,972.7536010742188,0.6447871923446655,116.78096008300781,13.579916954040527,4.722984790802002,5tu6_mcmc_2_min
17,117.43818664550781,0.0,1533.2525634765625,233.42721557617188,99.86863708496094,87.68551635742188,-2.445821523666382,956.6554565429688,0.43033313751220703,120.47789001464844,11.839261054992676,4.094141960144043,3p72_mcmc_2_min
18,90.74400329589844,2.0,4156.41650390625,336.5595703125,226.5695037841797,212.16319274902344,-27.727617263793945,1120.349365234375,0.7304794788360596,100.42818450927734,18.329692840576172,2.3659720420837402,4ib5_mcmc_2_min
19,61.29052734375,3.0,5314.220703125,451.4093017578125,299.90301513671875,279.2621154785156,-26.19527244567871,1322.61376953125,0.7209726572036743,70.14153289794922,19.655088424682617,0.1351356953382492,7ezw_mcmc_2_min
20,43.47760772705078,0.0,2375.136962890625,259.4161071777344,146.38497924804688,127.15107727050781,-3.496133327484131,1039.7811279296875,0.7102038860321045,47.161109924316406,14.610639572143555,7.9603400230407715,5h5q_mcmc_1_min
21,88.60137176513672,1.0,4565.31201171875,347.8651123046875,272.3279724121094,265.33441162109375,-36.85537338256836,1206.3671875,0.7506723403930664,97.89248657226562,16.54035758972168,2.350160837173462,4ib5_mcmc_0_min
22,91.09425354003906,1.0,2283.4013671875,278.5508117675781,133.0335693359375,118.1697006225586,-20.45549774169922,861.2440795898438,0.6764867305755615,96.58702850341797,5.980237007141113,2.322093963623047,7k2j_mcmc_0_min
23,87.76893615722656,2.0,5052.9736328125,426.9807434082031,284.5207824707031,268.0752868652344,-41.432498931884766,1376.288818359375,0.735149621963501,90.12882995605469,19.568347930908203,8.370845794677734,6d40_mcmc_2_min
24,61.62845993041992,1.0,3974.89599609375,382.2221374511719,203.07696533203125,187.0516357421875,-31.580949783325195,1112.8123779296875,0.7279627919197083,71.90361022949219,12.395608901977539,1.637052297592163,7ezw_mcmc_0_min
25,55.429691314697266,4.0,1051.4671630859375,333.9256896972656,69.91968536376953,51.32577133178711,-13.675442695617676,1157.18896484375,0.6122228503227234,62.16214370727539,5.508398532867432,3.8434619903564453,1smf_mcmc_0_min
26,62.963321685791016,0.0,2521.461669921875,280.2749328613281,130.1005401611328,118.65038299560547,-24.996822357177734,1081.507568359375,0.5465038418769836,77.97930145263672,19.616607666015625,6.294422149658203,6u6k_mcmc_1_min
27,53.97904968261719,1.0,5220.888671875,524.2613525390625,271.269287109375,256.8143310546875,-38.02180480957031,1530.918701171875,0.7526456117630005,61.95304870605469,19.718698501586914,7.238689422607422,1sfi_mcmc_1_min
28,67.16554260253906,0.0,4574.77392578125,559.5838623046875,360.9486083984375,327.0025634765625,-45.92853546142578,1669.7589111328125,0.7367419004440308,81.29241943359375,37.344547271728516,15.595483779907227,4kel_mcmc_1_min
29,56.44828796386719,0.0,1676.7685546875,128.92559814453125,79.99971771240234,75.05130767822266,-14.48615550994873,469.00946044921875,0.7101125717163086,56.893798828125,5.708005905151367,2.769596576690674,1sld_mcmc_2_min
30,74.00698852539062,1.0,490.2736511230469,107.4825439453125,28.401853561401367,23.259653091430664,0.2115279734134674,492.5379943847656,0.21952487528324127,77.76599884033203,15.48169231414795,12.386401176452637,6u6k_mcmc_2_min
31,55.22832489013672,3.0,3020.633544921875,468.1387023925781,218.39834594726562,196.88954162597656,-27.69261932373047,1576.986083984375,0.6787593960762024,62.04531478881836,14.444506645202637,7.330695629119873,6vxy_mcmc_0_min
32,91.69419860839844,0.0,1192.8382568359375,129.56051635742188,57.27819061279297,53.002811431884766,-8.073179244995117,494.78076171875,0.4482812285423279,93.53421020507812,7.563877105712891,3.512612819671631,3zgc_mcmc_0_min
33,44.862030029296875,1.0,2664.695068359375,247.23403930664062,153.13369750976562,133.62106323242188,-10.300341606140137,953.2293090820312,0.565941333770752,47.96918487548828,8.375924110412598,3.1947665214538574,5h5q_mcmc_2_min
34,90.54650115966797,0.0,652.1010131835938,143.02928161621094,47.995365142822266,33.92578125,-4.5373687744140625,635.1148681640625,0.38667628169059753,92.51869201660156,8.953310012817383,8.336753845214844,3zgc_mcmc_1_min
35,64.75330352783203,2.0,4269.927734375,503.0815124511719,285.17901611328125,257.5158386230469,-40.96123504638672,1559.200927734375,0.6791303157806396,77.62374114990234,17.609771728515625,3.1428258419036865,4kel_mcmc_2_min
36,54.178836822509766,4.0,1730.03759765625,335.4355773925781,102.68479919433594,88.76457977294922,-24.992647171020508,1177.311279296875,0.6597849130630493,62.19876480102539,5.586989402770996,2.362639904022217,1smf_mcmc_1_min
37,87.73125457763672,1.0,3113.84130859375,302.6886901855469,157.23062133789062,149.6815948486328,-20.305879592895508,1071.40185546875,0.6672682762145996,96.97782897949219,10.500853538513184,1.5836387872695923,4ib5_mcmc_1_min
38,48.29751205444336,0.0,1837.208984375,208.5883331298828,112.43636322021484,97.20819091796875,-13.231693267822266,807.3064575195312,0.48372650146484375,57.90435028076172,4.435599327087402,1.7961206436157227,1sld_mcmc_0_min
39,57.285499572753906,2.0,716.4134521484375,197.42527770996094,34.935123443603516,32.33845138549805,-2.4361844062805176,757.2808837890625,0.5086961388587952,60.63701248168945,9.403759956359863,8.206879615783691,1smf_mcmc_2_min
40,90.55079650878906,5.0,2599.897216796875,280.38641357421875,125.96728515625,114.6055679321289,-11.776168823242188,1057.1092529296875,0.6315735578536987,92.71939086914062,5.330117225646973,2.1454012393951416,6d40_mcmc_1_min
41,108.11144256591797,1.0,3479.653076171875,259.54168701171875,182.10438537597656,167.35939025878906,-15.8634033203125,936.0597534179688,0.554532527923584,120.36236572265625,8.981465339660645,0.7000182867050171,5tu6_mcmc_1_min
