File,seq,INTERFACE DELTA SASA,SEPARATED INTERFACE ENERGY DIFFERENCE,DELTA UNSTAT HBONDS,CROSS INTERFACE HBONDS,SHAPE COMPLEMENTARITY VALUE,target,contact_molecular_surface,TOTAL SASA,NUMBER OF RESIDUES,AVG RESIDUE ENERGY,INTERFACE HYDROPHOBIC SASA,INTERFACE POLAR SASA,CROSS-INTERFACE ENERGY SUMS,CROSS-INTERFACE ENERGY/INTERFACE DELTA SASA,SEPARATED INTERFACE ENERGY/INTERFACE DELTA SASA,HBOND ENERGY,HBOND ENERGY/ SEPARATED INTERFACE ENERGY,INTERFACE PACK STAT,total_score,complex_normalized,dG_cross,dG_cross/dSASAx100,dG_separated,dG_separated/dSASAx100,dSASA_hphobic,dSASA_int,dSASA_polar,delta_unsatHbonds,dslf_fa13,fa_atr,fa_dun,fa_elec,fa_intra_rep,fa_intra_sol_xover4,fa_rep,fa_sol,hbond_E_fraction,hbond_bb_sc,hbond_lr_bb,hbond_sc,hbond_sr_bb,hbonds_int,lk_ball_wtd,nres_all,nres_int,omega,p_aa_pp,packstat,per_residue_energy_int,pro_close,rama_prepro,ref,sc_value,side1_normalized,side1_score,side2_normalized,side2_score,yhh_planarity
1sfi_mcmc_0_log.txt,RDTWCNSDVCRRNM,1615.47,-34.3451,17,8,0.655086,10.5827178,475.0050049,9287.61,37,19.1977,767.286,848.183,-42.2843,-0.0261747,-0.0212602,-8.64266,0.251642,0.687803,273.618,1.149,-42.284,-2.617,-34.345,-2.126,767.286,1615.469,848.183,17,-3.077,-1362.771,262.704,-357.432,2.082,35.567,971.015,812.965,0.252,-54.513,-86.456,-15.392,-35.938,8,-35.211,237,37,56.2,-51.561,0.688,19.198,6.214,2.196,126.512,0.655,-1.695,-45.775,75.609,756.09,0.514
1sfi_mcmc_1_log.txt,LLVHGNNVAYCREK,1530.92,-48.3375,7,12,0.750936,11.49622941,524.2613525,9295.51,40,17.6395,806.275,724.643,-59.63,-0.0389505,-0.0315742,-11.3243,0.234276,0.77288,273.969,1.134,-59.63,-3.895,-48.337,-3.157,806.275,1530.919,724.643,7,1.015,-1362.493,268.513,-358.257,2.151,36.215,982.402,797.848,0.234,-51.211,-86.055,-16.241,-35.556,12,-37.234,237,40,57.065,-53.989,0.773,17.64,5.745,-4.809,127.889,0.751,-2.182,-61.106,63.89,766.686,0.97
1sfi_mcmc_2_log.txt,FKECWCPVDVTDPP,1360.64,-32.7616,14,5,0.704811,9.58994039,430.1913147,9386.73,34,22.0666,787.728,572.914,-41.184,-0.030268,-0.024078,-3.67557,0.112192,0.71307,303.399,1.198,-41.184,-3.027,-32.762,-2.408,787.728,1360.642,572.914,14,1.057,-1343.657,256.036,-341.646,2.081,34.787,994.264,784.598,0.112,-48.639,-81.641,-14.276,-36.161,5,-36.233,237,34,56.63,-53.62,0.713,22.067,7.326,-1.686,123.602,0.705,-1.518,-34.915,71.38,785.179,0.578
1sld_mcmc_0_log.txt,CCGPHG,807.306,-13.6082,4,1,0.461256,3.723747363,208.5883331,7275.82,21,34.4713,541.5,265.807,-16.3526,-0.0202557,-0.0168563,-2.00972,0.147684,0.598485,601.343,4.687,-16.353,-2.026,-13.608,-1.686,541.5,807.306,265.807,4,0,-608,146.042,-184.131,1.198,19.662,877.548,383.891,0.148,-11.507,-64.652,-7.263,-11.982,1,-12.876,127,21,23.448,-28.181,0.598,34.471,0.82,0.694,76.557,0.461,-1.691,-25.367,124.877,749.265,0.074
1sld_mcmc_1_log.txt,CDIHHP,910.505,-11.1253,8,1,0.518558,4.721496518,218.7904663,7138.77,21,33.3213,657.016,253.49,-13.3535,-0.014666,-0.0122188,-0.476254,0.0428082,0.726933,570.443,4.463,-13.353,-1.467,-11.125,-1.222,657.016,910.505,253.49,8,0,-635.194,143.944,-190.125,1.127,21.398,848.9,414.392,0.043,-12.343,-62.056,-5.835,-11.867,1,-12.873,127,21,23.1,-25.71,0.727,33.321,0.999,0.887,71.563,0.519,-1.886,-28.295,121.34,728.042,0.134
1sld_mcmc_2_log.txt,YCSDCK,464.508,-12.1673,0,4,0.752321,3.494591231,128.9255981,7576.49,11,66.0536,265.591,198.917,-18.8298,-0.0405371,-0.026194,-4.63741,0.381136,0.650032,562.977,4.428,-18.83,-4.054,-12.167,-2.619,265.591,464.508,198.917,0,0.011,-615.421,133.921,-197.35,1.209,21.752,853.674,404.49,0.381,-11.36,-66.729,-8.156,-11.421,4,-10.756,127,11,23.896,-27.587,0.65,66.054,0.618,-2.265,74.337,0.752,-1.88,-11.281,147.574,737.871,0.113
1smf_mcmc_0_log.txt,QDTPEPERV,1157.19,-15.5755,21,7,0.60797,7.035368043,333.9256897,9315.8,32,23.8388,493.024,664.165,-22.7222,-0.0196357,-0.0134598,-6.00715,0.385679,0.709966,335.557,1.427,-22.722,-1.964,-15.576,-1.346,493.024,1157.189,664.165,21,-1.811,-1315.229,261.006,-329.034,2.063,34.146,995.341,785.162,0.386,-48.8,-80.703,-12.45,-34.63,7,-38.388,232,32,49.68,-49.565,0.71,23.839,5.769,1.505,111.203,0.608,-1.241,-29.795,99.08,792.637,0.293
1smf_mcmc_1_log.txt,EGPARIREE,1177.31,-25.2612,13,7,0.645675,7.601596343,335.4355774,9337.53,31,11.6518,626.703,550.608,-33.9852,-0.0288668,-0.0214567,-7.35846,0.291295,0.704827,316.796,1.355,-33.985,-2.887,-25.261,-2.146,626.703,1177.311,550.608,13,-1.803,-1314.114,265.837,-334.418,2.061,33.938,991.125,773.775,0.291,-50.554,-82.833,-11.126,-36.301,7,-37.754,232,31,47.801,-50.316,0.705,11.652,5.188,1.45,114.256,0.646,-1.227,-29.439,55.807,390.646,0.585
1smf_mcmc_2_log.txt,GLHVTCQCR,756.182,-10.2857,6,3,0.512484,3.875311761,197.4252777,9623.6,19,42.889,332.706,423.476,-12.5587,-0.016608,-0.0136021,-2.28708,0.222357,0.683153,391.062,1.614,-12.559,-1.661,-10.286,-1.36,332.706,756.182,423.476,6,5.884,-1298.128,252.451,-308.393,2.046,33.418,1017.735,758.478,0.222,-48.64,-80.237,-8.692,-33.729,3,-37.317,232,19,48.094,-51.322,0.683,42.889,6.091,2.453,130.753,0.512,-0.516,-6.713,136.934,821.605,0.118
3p72_mcmc_0_log.txt,TSKLRDHTRHR,947.228,13.6797,4,1,0.389918,3.693412473,227.4988861,14100.8,22,1.30099,486.268,460.96,9.87408,0.0104242,0.0144418,-0.355639,-0.0259977,0.434787,203.404,0.708,9.874,1.042,13.68,1.444,486.268,947.228,460.96,4,1.532,-1581.784,367.776,-346.258,2.846,49.077,868.916,850.219,-0.026,-48.029,-81.874,-13.167,-36.212,1,-39.397,280,22,103.2,-38.96,0.435,1.301,14.929,40.038,90.32,0.39,-2.904,-43.562,10.312,72.183,0.232
3p72_mcmc_1_log.txt,QWRMLQAGNLN,1083.41,-13.1812,2,5,0.387886,4.202395713,261.0045776,13566.4,26,13.8918,663.32,420.088,-17.2951,-0.0159636,-0.0121665,-4.00821,0.304084,0.382501,309.729,1.083,-17.295,-1.596,-13.181,-1.217,663.32,1083.408,420.088,2,1.735,-1613.861,368.326,-350.716,2.83,46.732,1066.641,880.299,0.304,-47.698,-86.228,-14.278,-36.687,5,-39.375,280,26,40.601,-41.367,0.383,13.892,15.025,23.556,94.077,0.388,-2.548,-43.32,44.945,404.508,0.119
3p72_mcmc_2_log.txt,GSYRDQVRARM,956.655,-1.99172,0,3,0.409969,3.921988937,233.4272156,13750.5,18,37.7591,431.213,525.442,-2.24894,-0.00235083,-0.00208196,-1.85481,0.93126,0.418144,241.658,0.826,-2.249,-0.235,-1.992,-0.208,431.213,956.655,525.442,0,1.564,-1594.945,357.892,-332.184,2.823,46.993,985.076,870.016,0.931,-50.729,-83.045,-7.781,-39.74,3,-40.015,280,18,39.978,-41.538,0.418,37.759,15.384,18.675,93.225,0.41,-2.637,-29.011,101.239,708.674,0.008
3zgc_mcmc_0_log.txt,CNCGAEL,494.781,-8.41534,0,2,0.43944,2.174265626,129.5605164,12343.2,9,74.4985,268.428,226.353,-8.4562,-0.0170908,-0.0170082,-1.93362,0.229773,0.732112,22.636,0.07,-8.456,-1.709,-8.415,-1.701,268.428,494.781,226.353,0,0,-1725.329,362.366,-470.878,2.707,47.474,941.735,972.874,0.23,-42.476,-150.197,-30.936,-22.498,2,-32.943,292,9,70.724,-63.582,0.732,74.498,5.56,4.191,153.795,0.439,-0.104,-0.521,167.752,671.007,0.049
3zgc_mcmc_1_log.txt,GCRWWET,634.294,-5.81092,0,2,0.385966,2.44815918,143.0292816,12360.4,9,81.186,263.668,370.627,-6.74291,-0.0106306,-0.00916124,-1.28643,0.221381,0.517397,96.976,0.325,-6.743,-1.063,-5.811,-0.916,263.668,634.294,370.627,0,-0.781,-1738.048,367.722,-471.667,2.785,48.475,1008.247,986.386,0.221,-43.63,-149.852,-32.494,-23.048,2,-34.771,292,9,71.925,-61.981,0.517,81.186,5.549,7.559,154.473,0.386,-0.716,-3.579,183.563,734.253,0.126
3zgc_mcmc_2_log.txt,TMDDNLN,919.382,-16.8525,9,2,0.472331,4.342526194,239.8769379,11991.9,27,26.727,581.408,337.975,-18.5924,-0.0202227,-0.0183303,-1.00618,0.0597051,0.787461,128.595,0.435,-18.592,-2.022,-16.853,-1.833,581.408,919.382,337.975,9,0,-1742.531,357.258,-478.779,2.738,47.816,1055.55,994.244,0.06,-45.938,-152.994,-32.172,-22.025,2,-33.914,292,27,77.644,-62.6,0.787,26.727,6.195,12.82,145.064,0.472,-2.839,-62.457,156.817,784.085,0.219
4ib5_mcmc_0_log.txt,NWKWVNSGQTQVM,1206.37,-39.8195,7,4,0.740692,8.93548608,347.8651123,16691.7,26,28.3047,777.492,428.875,-44.2426,-0.0366742,-0.0330078,-3.18236,0.0799197,0.588794,100.39,0.278,-44.243,-3.667,-39.82,-3.301,777.492,1206.367,428.875,7,0,-2145.343,539.188,-544.326,3.925,80.443,1115.708,1299.932,0.08,-57.322,-54.651,-39.909,-104.265,4,-57.155,342,26,51.261,-50.843,0.589,28.305,8.946,-13.828,67.979,0.741,-3.237,-55.022,87.883,790.945,0.651
4ib5_mcmc_1_log.txt,HFKSENKKWVEET,1070.63,-23.4596,6,2,0.663192,7.10033251,302.6886902,16709.4,26,24.7859,757.274,313.358,-27.8892,-0.0260493,-0.0219119,-1.81725,0.0774629,0.670442,-16.287,-0.066,-27.889,-2.605,-23.46,-2.191,757.274,1070.632,313.358,6,0,-2152.02,548.171,-557.727,3.931,80.348,1009.576,1328.573,0.077,-62.389,-49.228,-43.199,-107.595,2,-55.429,342,26,48.137,-51.83,0.67,24.786,6.95,-19.727,56.177,0.663,-2.973,-56.495,100.132,700.927,0.993
4ib5_mcmc_2_log.txt,QYFKDQKHRGMFR,1120.35,-27.982,6,5,0.742462,8.318173017,336.5595703,16577.4,26,12.4154,762.296,358.054,-37.1391,-0.0331496,-0.0249761,-5.01745,0.17931,0.581408,103.412,0.281,-37.139,-3.315,-27.982,-2.498,762.296,1120.349,358.054,6,0,-2174.29,545.077,-551.218,3.983,83.352,1112.032,1338.516,0.179,-61.191,-53.636,-39.509,-105.757,5,-53.895,342,26,53.244,-49.649,0.581,12.415,8.161,-11.83,59.659,0.742,-3.581,-60.876,42.631,383.678,0.365
4kel_mcmc_0_log.txt,KKQVQDIWIDCEPI,1262.96,-38.7011,8,5,0.700055,8.841414628,375.3542175,10625.8,28,12.4624,849.978,412.983,-43.9061,-0.0347645,-0.0306431,-4.93346,0.127476,0.670144,307.748,1.284,-43.906,-3.476,-38.701,-3.064,849.978,1262.961,412.983,8,-0.77,-1351.701,305.063,-337.597,2.195,37.109,1013.624,733.997,0.127,-45.203,-83.743,-8.095,-39.484,5,-33.831,237,28,47.444,-45.582,0.67,12.462,11.771,6.345,96.135,0.7,-1.437,-27.302,41.805,376.248,0.072
4kel_mcmc_1_log.txt,GDMVYKSFLEWPPF,1669.76,-49.2709,8,10,0.739995,12.35614051,559.5838623,10568.3,36,8.76926,1024.95,644.808,-63.5636,-0.0380676,-0.0295078,-9.0011,0.182686,0.773038,275.473,1.138,-63.564,-3.807,-49.271,-2.951,1024.951,1669.759,644.808,8,-0.727,-1356.222,299.523,-343.885,2.158,36.51,1002.365,738.54,0.183,-40.676,-87.61,-9.652,-39.864,10,-33.78,237,36,49.781,-46.71,0.773,8.769,11.073,-2.439,96.934,0.74,-2.041,-51.03,33.338,366.723,0.155
4kel_mcmc_2_log.txt,VYRCNMEKEDYGHI,1559.2,-42.7116,8,11,0.67476,10.52085792,503.0815125,10479.5,36,19.5342,854.843,704.358,-45.8841,-0.0294279,-0.0273933,-8.36725,0.195901,0.764293,282.217,1.17,-45.884,-2.943,-42.712,-2.739,854.843,1559.201,704.358,8,2.598,-1367.511,300.999,-337.372,2.156,37.676,990.251,758.013,0.196,-40.187,-82.782,-10.209,-41.505,11,-31.975,237,36,47.698,-46.572,0.764,19.534,7.861,-2.833,95.832,0.675,-1.901,-47.514,68.25,750.745,0.078
5h5q_mcmc_0_log.txt,EPNAPYAQKGDEG,1066.42,-23.8303,4,2,0.737739,7.867396244,294.9183044,8593.2,29,25.0154,643.594,422.824,-29.5745,-0.0277326,-0.0223461,-1.7873,0.0750014,0.74129,434.363,2.431,-29.575,-2.773,-23.83,-2.235,643.594,1066.418,422.824,4,0,-1095.003,288.151,-304.887,1.9,35.219,963.002,676.547,0.075,-38.495,-36.047,-10.4,-46.529,2,-27.433,178,29,36.062,-20.136,0.741,25.015,6.604,-20.455,26.261,0.738,-3.253,-61.801,78.725,787.247,0.002
5h5q_mcmc_1_log.txt,CPKCKYIQRNSGP,1038.36,-21.2489,0,3,0.702245,7.291831182,259.4161072,8762.46,24,14.0886,555.08,483.278,-24.5258,-0.0236198,-0.020464,-2.3386,0.110057,0.694437,424.991,2.377,-24.526,-2.362,-21.249,-2.046,555.08,1038.357,483.278,0,7.513,-1106.8,285.522,-303.055,1.887,33.597,949.285,681.107,0.11,-37.617,-35.104,-12.725,-47.466,3,-28.727,178,24,35.793,-22.584,0.694,14.089,5.044,-18.864,38.123,0.702,-3.667,-54.999,43.681,393.126,0.063
5h5q_mcmc_2_log.txt,NTRPGKHFHAPET,953.229,-9.96684,7,5,0.576957,5.499721442,247.2340393,8705.17,29,21.9166,556.23,396.999,-23.1445,-0.0242801,-0.0104559,-2.37693,0.238484,0.700382,423.483,2.342,-23.144,-2.428,-9.967,-1.046,556.23,953.229,396.999,7,0,-1105.358,289.73,-297.251,1.946,35.345,878.549,686.059,0.238,-39.547,-36.346,-10.252,-46.495,5,-25.008,178,29,52,-22.154,0.7,21.917,38.695,-9.137,32.703,0.577,-3.078,-58.491,69.407,694.072,0.004
5tu6_mcmc_0_log.txt,HDGNEQV,945.708,-6.89574,18,1,0.552219,5.222379261,255.2749939,14364.8,25,26.5276,530.325,415.383,-11.8397,-0.0125194,-0.00729161,-0.186608,0.0270613,0.686746,146.555,0.462,-11.84,-1.252,-6.896,-0.729,530.325,945.708,415.383,18,0,-1856.324,483.645,-501.057,3.698,61.249,1026.77,1115.3,0.027,-26.332,-85.17,-13.559,-106.624,1,-43.66,303,25,48.066,-29.903,0.687,26.528,6.944,16.179,46.423,0.552,-1.938,-36.83,116.67,700.02,0.91
5tu6_mcmc_1_log.txt,KGPWGTG,936.06,-16.5996,3,0,0.541715,5.070777429,259.541687,14297.6,21,17.1205,667.317,268.743,-17.5575,-0.0187568,-0.0177335,0,0,0.727516,170.874,0.546,-17.557,-1.876,-16.6,-1.773,667.317,936.06,268.743,3,0,-1828.49,468.158,-480.268,3.691,60.098,1064.864,1074.694,0,-26.601,-88.445,-14.331,-102.345,0,-49.093,303,21,49.857,-31.664,0.728,17.121,8.278,7.204,54.394,0.542,-2.203,-33.047,65.43,392.579,0.873
5tu6_mcmc_2_log.txt,PDNITLG,972.754,-22.8,9,2,0.573724,5.580923159,284.2286377,14295.9,27,24.3841,582.465,390.288,-23.7602,-0.0244257,-0.0234386,-1.55868,0.0683631,0.687598,87.427,0.262,-23.76,-2.443,-22.8,-2.344,582.465,972.754,390.288,9,0,-1853.735,470.268,-486.623,3.684,62.186,984.44,1096.177,0.068,-25.662,-89.3,-14.793,-104.261,2,-50.062,303,27,46.57,-29.829,0.688,24.384,16.401,8.759,51.73,0.574,-2.225,-46.726,117.516,705.096,1.476
6d40_mcmc_0_log.txt,CAQRDQMRGDVMRR,1349.15,-27.2709,10,10,0.656526,8.857520529,390.473877,11488.8,32,21.8521,630.568,718.581,-36.0547,-0.0267241,-0.0202134,-6.81455,0.249884,0.707655,297.95,1.087,-36.055,-2.672,-27.271,-2.021,630.568,1349.148,718.581,10,-1.617,-1527.031,343.119,-383.244,2.493,43.57,987.567,878.461,0.25,-34.652,-90.513,-14.19,-41.505,10,-30.288,260,32,82.329,-57.321,0.708,21.852,13.758,11.458,115.499,0.657,-1.052,-24.203,80.385,723.469,0.059
6d40_mcmc_1_log.txt,DYCAPREGKNDGTR,1057.11,-15.2475,4,5,0.613951,6.490137416,280.3864136,11769,27,25.9132,539.98,517.129,-19.3082,-0.0182651,-0.0144238,-4.36356,0.286181,0.641817,324.179,1.208,-19.308,-1.827,-15.248,-1.442,539.98,1057.109,517.129,4,1.115,-1496.723,337.436,-363.746,2.433,43.25,961.192,865.441,0.286,-37.186,-90.371,-10.31,-39.453,5,-33.004,260,27,84.098,-54.169,0.642,25.913,14.244,31.149,108.742,0.614,-1.017,-20.331,102.855,719.988,0.041
6d40_mcmc_2_log.txt,CPVEPDGFVRWCKG,1370.57,-41.8259,9,10,0.735082,10.07481337,426.9807434,11309.5,34,21.7145,713.984,656.584,-54.0017,-0.039401,-0.0305173,-8.32119,0.198948,0.70351,304.236,1.138,-54.002,-3.94,-41.826,-3.052,713.984,1370.567,656.584,9,2.548,-1529.49,333.766,-387.319,2.492,42.522,1026.906,860.413,0.199,-35.13,-91.177,-14.149,-41.683,10,-29.91,260,34,82.353,-57.33,0.704,21.715,14.104,5.611,119.64,0.735,-1.29,-29.672,69.815,767.965,0.069
6u6k_mcmc_0_log.txt,KKCEDARKCQD,1001.18,-14.0171,6,1,0.612454,6.131766957,249.0674744,8150.09,20,18.262,611.077,390.102,-18.8752,-0.018853,-0.0140006,-0.41136,0.0293469,0.521312,513.402,3.64,-18.875,-1.885,-14.017,-1.4,611.077,1001.179,390.102,6,0,-820.909,224.467,-216.91,1.476,27.192,904.7,519.841,0.029,-21.224,-6.376,-7.338,-58.299,1,-29.492,137,20,14.571,-23.656,0.521,18.262,6.561,-7.886,6.196,0.612,-0.7,-8.403,46.705,373.642,0.488
6u6k_mcmc_1_log.txt,KKGWSDLREAL,1081.51,-27.4689,6,2,0.647117,6.998635067,280.2749329,7973.17,16,45.7109,725.456,356.052,-29.2605,-0.0270552,-0.0253987,-2.73248,0.0994755,0.520824,496.31,3.588,-29.26,-2.706,-27.469,-2.54,725.456,1081.508,356.052,6,0,-829.949,207.408,-213.561,1.503,26.22,902.056,522.169,0.099,-19.113,-9.643,-4.678,-56.271,2,-28.456,137,16,16.15,-25.715,0.521,45.711,7.33,-9.411,10.091,0.647,-2.569,-20.552,93.991,751.926,0.18
6u6k_mcmc_2_log.txt,RYIATTKQQYR,492.538,0.444904,1,0,0.446429,2.198832468,107.4825439,8622.81,8,46.0446,205.6,286.938,-3.62705,-0.007364,0.000903289,0,0,0.469271,1859.471,3.994,-3.627,-0.736,0.445,0.09,205.6,492.538,286.938,1,0,-833.696,224.001,-204.14,1.586,26.478,2198.67,545.546,0,-20.004,-5.742,-4.592,-57.336,0,-25.6,137,8,17.813,-23.445,0.469,46.045,7.495,-0.093,12.358,0.446,-1.639,-6.554,93.728,374.911,0.173
6vxy_mcmc_0_log.txt,GVSVKQPHTIESTV,1576.99,-32.4359,15,9,0.674264,10.63307585,468.1387024,9224.99,45,15.7167,903.665,673.321,-40.2111,-0.0254987,-0.0205683,-6.3041,0.194356,0.645732,275.845,1.129,-40.211,-2.55,-32.436,-2.057,903.665,1576.986,673.321,15,0.123,-1365.08,265.449,-346.804,2.133,35.283,978.104,801.552,0.194,-52.112,-83.122,-16.727,-36.308,9,-40.432,237,45,53.028,-51.644,0.646,15.717,6.405,-0.121,125.756,0.674,-1.419,-45.395,57.896,752.647,0.362
6vxy_mcmc_1_log.txt,KWAVCHGCRLHHEA,1357.77,-33.3366,12,8,0.674766,9.161770318,406.0816956,9514.73,38,9.93077,746.038,611.728,-41.6854,-0.0307015,-0.0245525,-7.30192,0.219036,0.719781,341.08,1.427,-41.685,-3.07,-33.337,-2.455,746.038,1357.766,611.728,12,2.768,-1362.624,260.271,-342.254,2.192,36.447,1027.913,798.267,0.219,-53.54,-83.702,-14.457,-36.038,8,-37.294,237,38,52.926,-50.532,0.72,9.931,6.068,2.203,131.922,0.675,-1.284,-33.383,34.229,410.752,0.543
6vxy_mcmc_2_log.txt,SPEPRMLAEKPPTQ,1333.93,-31.8683,17,7,0.660211,8.806752592,368.1754761,9575.07,37,19.3745,701.101,632.831,-37.4344,-0.0280632,-0.0238905,-6.50051,0.203981,0.715925,297.93,1.214,-37.434,-2.806,-31.868,-2.389,701.101,1333.932,632.831,17,-0.573,-1348.029,274.596,-340.142,2.066,34.566,983.051,793.4,0.204,-51.381,-82.547,-13.035,-34.197,7,-37.047,237,37,53.357,-53.053,0.716,19.375,7.745,-2.279,111.059,0.66,-1.496,-40.389,75.725,757.246,0.374
7ezw_mcmc_0_log.txt,NRVEGTIHVMN,1112.81,-31.4629,10,7,0.726493,8.084486753,382.2221375,9741.09,27,25.8195,611.648,501.165,-36.2556,-0.0325801,-0.0282733,-7.77793,0.24721,0.698508,366.942,1.955,-36.256,-3.258,-31.463,-2.827,611.648,1112.812,501.165,10,0,-1119.981,274.414,-333.646,2.069,39.158,916.769,709.255,0.247,-23.639,-58.796,-21.226,-50.875,7,-22.724,186,27,35.607,-31.131,0.699,25.82,3.139,-10.173,58.608,0.726,-2.191,-39.441,81.841,736.568,0.114
7ezw_mcmc_1_log.txt,VETTNPLTCQP,1110.58,-25.9757,12,2,0.686208,7.620888806,373.3587646,9647.18,28,23.3304,735.636,374.94,-27.8765,-0.025101,-0.0233894,-0.946741,0.0364472,0.704356,335.543,1.728,-27.877,-2.51,-25.976,-2.339,735.636,1110.576,374.94,12,0,-1114.211,278.072,-333.823,2.032,39.589,873.002,711.339,0.036,-20.406,-58.097,-17.726,-49.823,2,-25.549,186,28,34.485,-31.401,0.704,23.33,4.252,-11.817,55.424,0.686,-2.158,-40.995,77.138,694.245,0.202
7ezw_mcmc_2_log.txt,PLDLDNLNSGN,1322.61,-27.2187,10,4,0.726935,9.614515004,451.4093018,9430.92,31,22.0121,771.395,551.218,-39.5163,-0.0298775,-0.0205794,-3.55111,0.130466,0.732918,353.036,1.874,-39.516,-2.988,-27.219,-2.058,771.395,1322.614,551.218,10,0,-1124.515,286.253,-347.033,2.068,40.404,895.417,727.819,0.13,-26.074,-58.23,-18.666,-48.831,4,-27.599,186,31,39.588,-33.267,0.733,22.012,8.99,-12.179,48.749,0.727,-2.006,-42.134,72.451,724.51,0.143
7k2j_mcmc_0_log.txt,TPAEKVE,861.244,-18.4268,8,6,0.675245,5.815507048,278.5508118,11798.3,20,37.0871,460.76,400.484,-21.0422,-0.0244323,-0.0213955,-5.14007,0.278946,0.854654,196.485,0.659,-21.042,-2.443,-18.427,-2.14,460.76,861.244,400.484,8,0,-1745.551,372.552,-472.922,2.791,46.208,1096.317,1003.793,0.279,-44.199,-150.465,-33.26,-20.956,6,-31.095,290,20,71.263,-59.834,0.855,37.087,7.322,10.172,144.174,0.675,-2.948,-44.227,157.194,785.969,0.174
7k2j_mcmc_1_log.txt,EDDPEMS,683.458,-11.3429,2,2,0.639649,4.371732262,192.0931702,11892.5,16,21.3047,320.403,363.055,-14.2097,-0.0207909,-0.0165963,-1.90159,0.167646,0.72823,162.014,0.543,-14.21,-2.079,-11.343,-1.66,320.403,683.458,363.055,2,0,-1738.871,386.082,-467.079,2.759,48.503,1038.745,1004.185,0.168,-44.662,-150.376,-30.038,-21.145,2,-34.436,290,16,73.319,-61.641,0.728,21.305,8.692,11.011,136.846,0.64,-2.239,-26.865,91.935,367.74,0.119
7k2j_mcmc_2_log.txt,GEIGPED,734.203,-11.0084,5,2,0.511368,3.754479197,188.923111,11792.2,17,20.1358,434.732,299.472,-12.4481,-0.0169545,-0.0149937,-1.23396,0.112092,0.785605,203.291,0.651,-12.448,-1.695,-11.008,-1.499,434.732,734.203,299.472,5,0,-1734.798,391.784,-477.69,2.807,46.856,1083.02,1002.014,0.112,-46.855,-150.393,-28.819,-21.341,2,-32.266,290,17,71.549,-61.876,0.786,20.136,7.028,10.612,141.524,0.511,-2.843,-36.953,94.815,379.262,0.133
