File,seq,len,INTERFACE DELTA SASA,SEPARATED INTERFACE ENERGY DIFFERENCE,DELTA UNSTAT HBONDS,CROSS INTERFACE HBONDS,SHAPE COMPLEMENTARITY VALUE,target,contact_molecular_surface,TOTAL SASA,NUMBER OF RESIDUES,AVG RESIDUE ENERGY,INTERFACE HYDROPHOBIC SASA,INTERFACE POLAR SASA,CROSS-INTERFACE ENERGY SUMS,CROSS-INTERFACE ENERGY/INTERFACE DELTA SASA,SEPARATED INTERFACE ENERGY/INTERFACE DELTA SASA,HBOND ENERGY,HBOND ENERGY/ SEPARATED INTERFACE ENERGY,INTERFACE PACK STAT,total_score,complex_normalized,dG_cross,dG_cross/dSASAx100,dG_separated,dG_separated/dSASAx100,dSASA_hphobic,dSASA_int,dSASA_polar,delta_unsatHbonds,dslf_fa13,fa_atr,fa_dun,fa_elec,fa_intra_rep,fa_intra_sol_xover4,fa_rep,fa_sol,hbond_E_fraction,hbond_bb_sc,hbond_lr_bb,hbond_sc,hbond_sr_bb,hbonds_int,lk_ball_wtd,nres_all,nres_int,omega,p_aa_pp,packstat,per_residue_energy_int,pro_close,rama_prepro,ref,sc_value,side1_normalized,side1_score,side2_normalized,side2_score,yhh_planarity
1sfi_mcts_1_log.txt,CFQNYPAFKGKHPK,14,1618.02,-30.0572,18,9,0.675201,10.92488722,467.7333679,9408.71,39,19.1557,919.674,698.345,-37.5125,-0.0231842,-0.0185766,-6.3503,0.211274,0.686038,401.044,1.634,-37.513,-2.318,-30.057,-1.858,919.674,1618.019,698.345,18,5.094,-1322.049,283.008,-340.22,2.004,31.704,957.04,791.164,0.211,-50.624,-80.395,-14.023,-31.633,9,-33.88,234,39,93.758,-46.245,0.686,19.156,9.067,25.492,121.294,0.675,-0.547,-15.309,69.307,762.38,0.488
1sfi_mcts_2_log.txt,SNMSVENGMVMWML,14,1558.72,-35.1828,12,6,0.72783,11.34483178,489.555603,9324.04,35,18.7042,912.709,646.013,-47.559,-0.0305116,-0.0225716,-6.5005,0.184764,0.737584,303.006,1.244,-47.559,-3.051,-35.183,-2.257,912.709,1558.722,646.013,12,5.448,-1312.894,277.093,-333.698,2.008,31.299,872.204,767.387,0.185,-45.016,-81.669,-13.169,-33.183,6,-35.136,234,35,92.04,-46.155,0.738,18.704,5.72,18.244,132.07,0.728,-0.388,-9.323,60.361,663.971,0.413
1sfi_mcts_3_log.txt,TDMMYSPFKIWCME,14,1925.38,-41.167,25,6,0.704594,13.56611196,611.9658813,9243.81,44,17.2685,1159.61,765.774,-56.9915,-0.0296001,-0.0213812,-4.51336,0.109635,0.680571,376.769,1.555,-56.992,-2.96,-41.167,-2.138,1159.608,1925.381,765.774,25,2.934,-1322.244,264.049,-332.334,2.027,31.491,989.041,770.635,0.11,-49.548,-80.418,-14.286,-31.503,6,-32.799,234,44,79.19,-44.205,0.681,17.268,6.094,8.494,129.645,0.705,-0.742,-22.272,55.863,782.084,0.508
1sld_mcts_1_log.txt,MSYMPC,6,691.475,-14.5243,1,0,0.73044,5.05080999,166.3793793,7468.68,20,13.0705,602.544,88.9314,-18.5023,-0.0267578,-0.0210048,0,0,0.646461,116.142,0.902,-18.502,-2.676,-14.524,-2.1,602.544,691.475,88.931,1,0,-615.033,142.057,-186.022,1.176,19.668,326.581,380.139,0,-10.551,-63.034,-7.892,-11.875,0,-14.512,127,20,97.126,-27.798,0.646,13.07,1.368,9.001,75.614,0.73,-2.391,-35.867,59.455,297.276,0.129
1sld_mcts_2_log.txt,HMPGAH,6,925.779,-9.90534,13,1,0.627361,5.807976392,294.875946,7124.94,24,30.2503,610.588,315.192,-13.9149,-0.0150304,-0.0106995,-1.55245,0.156729,0.673819,591.25,4.563,-13.915,-1.503,-9.905,-1.07,610.588,925.779,315.192,13,0,-634.91,142.976,-182.461,1.148,20.52,870.278,409.479,0.157,-12.01,-63.295,-5.754,-12.106,1,-13.86,127,24,23.576,-27.898,0.674,30.25,1.892,1.639,71.931,0.627,-1.5,-27.008,125.502,753.015,0.106
1sld_mcts_3_log.txt,HPWGCM,6,905.763,-15.2391,8,1,0.572133,5.182169025,236.2471619,7181.63,21,33.2964,618.137,287.626,-16.4178,-0.0181259,-0.0168246,-1.05055,0.0689379,0.599693,564.981,4.288,-16.418,-1.813,-15.239,-1.682,618.137,905.763,287.626,8,0,-623.457,138.794,-172.176,1.161,20.052,822.295,398.577,0.069,-10.631,-63.228,-5.13,-12.479,1,-13.219,127,21,24.324,-28.826,0.6,33.296,1.277,11.19,76.422,0.572,-1.57,-23.549,120.462,722.774,0.034
1smf_mcts_1_log.txt,CWEINSVMW,9,1297.3,-20.2188,23,6,0.685191,8.888982843,383.8780212,9215.51,31,22.2244,813.575,483.729,-34.7553,-0.0267904,-0.0155853,-4.36397,0.215837,0.650723,327.117,1.369,-34.755,-2.679,-20.219,-1.559,813.575,1297.305,483.729,23,2.048,-1302.493,274.307,-320.463,2.01,31.035,899.374,763.621,0.216,-44.935,-78.77,-16.182,-30.971,6,-32.471,229,31,78.644,-44.189,0.651,22.224,4.68,9.608,131.445,0.685,-0.655,-15.067,88.003,704.024,0.819
1smf_mcts_2_log.txt,GHKCYSQLD,9,1137.36,-26.6764,10,4,0.755927,8.597611327,371.9186707,9353.36,30,17.8998,643.911,493.447,-37.1094,-0.0326278,-0.0234547,-3.71023,0.139083,0.720568,191.601,0.788,-37.109,-3.263,-26.676,-2.345,643.911,1137.358,493.447,10,1.816,-1286.55,249.142,-310.704,2.013,30.939,768.234,753.715,0.139,-47.983,-77.846,-11.509,-30.311,4,-36.149,229,30,90.413,-44.257,0.721,17.9,4.868,12.434,122.814,0.756,-1.466,-32.244,71.155,569.237,0.522
1smf_mcts_3_log.txt,HLPNWLRCQ,9,1264.85,-23.6069,13,7,0.651552,8.241155472,390.6254578,9240.19,32,25.4301,609.359,655.489,-32.5721,-0.0257518,-0.0186638,-4.97569,0.210773,0.650848,469.972,1.959,-32.572,-2.575,-23.607,-1.866,609.359,1264.848,655.489,13,8.675,-1299.454,267.862,-310.594,2.012,31.981,1030.191,764.843,0.211,-44.392,-78.931,-11.596,-32.114,7,-37.398,229,32,85.012,-47.121,0.651,25.43,6.466,8.867,125.428,0.652,0.101,2.43,101.417,811.332,0.234
3p72_mcts_1_log.txt,IVDMKSVEMLH,11,1158.54,6.06797,3,1,0.734566,8.510240936,301.3078308,13722.3,27,27.4206,756.652,401.89,-4.33251,-0.00373962,0.00523759,-0.74507,-0.122787,0.488378,325.702,1.092,-4.333,-0.374,6.068,0.524,756.652,1158.542,401.89,3,1.312,-1612.115,362.125,-328.809,2.875,45.075,1048.458,866.018,-0.123,-47.775,-82.123,-9.171,-38.303,1,-37.137,280,27,43.478,-39.113,0.488,27.421,15.458,38.516,96.78,0.735,-1.169,-22.204,95.32,762.561,0.154
3p72_mcts_2_log.txt,QVRAPFSMMWY,11,1231.85,-12.6207,2,4,0.699126,8.612183631,339.436615,13978.4,32,12.3028,893.055,338.797,-19.4153,-0.015761,-0.0102453,-4.80777,0.380944,0.513813,428.68,1.444,-19.415,-1.576,-12.621,-1.025,893.055,1231.852,338.797,2,1.274,-1593.607,368.877,-338.753,2.827,44.777,1142.638,852.828,0.381,-48.024,-82.348,-13.202,-38.421,4,-35.583,280,32,49.299,-41.131,0.514,12.303,17.669,41.131,98.255,0.699,-2.416,-57.985,56.459,451.675,0.173
3p72_mcts_3_log.txt,IRRWAPFGSPM,11,1394.38,-11,2,2,0.588692,8.20860351,317.098114,13592.5,21,63.8437,853.979,540.401,-13.0678,-0.00937177,-0.00788883,-1.47509,0.134099,0.414245,1096.414,3.881,-13.068,-0.937,-11,-0.789,853.979,1394.38,540.401,2,1.242,-1609.534,355.347,-320.021,2.822,44.463,1727.534,865.214,0.134,-47.834,-81.915,-7.384,-36.83,2,-38.515,280,21,52.612,-40.211,0.414,63.844,77.09,56.117,96.188,0.589,-3.387,-47.42,198.305,1388.138,0.029
3zgc_mcts_1_log.txt,NAFTFIC,7,899.684,-13.0492,5,3,0.728114,6.55072516,229.3129883,12041.1,17,24.1923,568.979,330.705,-18.8401,-0.0209407,-0.0145042,-1.87146,0.143416,0.735006,157.761,0.539,-18.84,-2.094,-13.049,-1.45,568.979,899.684,330.706,5,0,-1755.286,366.913,-470.01,2.766,47.034,1074.067,994.862,0.143,-45.467,-150.597,-33.314,-21.812,3,-31.468,292,17,72.015,-63.327,0.735,24.192,6.572,7.972,156.697,0.728,-0.316,-3.786,83.011,415.056,0.145
3zgc_mcts_2_log.txt,QSFLWLQ,7,887.051,-0.619145,2,0,0.615185,5.457004694,219.4723663,12350,17,2.36773,614.82,272.231,-8.45545,-0.0095321,-0.000697981,0,0,0.766093,-398.004,-1.37,-8.455,-0.953,-0.619,-0.07,614.82,887.051,272.231,2,0,-1733.472,372.727,-461.925,2.839,47.871,447.735,973.353,0,-43.603,-150.573,-32.469,-21.731,0,-32.482,292,17,114.197,-60.295,0.766,2.368,5.889,22.608,151.176,0.615,-2.18,-28.337,17.147,68.588,0.152
3zgc_mcts_3_log.txt,ITKEMNS,7,907.428,-9.7751,13,2,0.649661,5.895205819,231.396225,12157.3,18,32.5165,529.571,377.857,-13.6565,-0.0150497,-0.0107723,-1.44024,0.147338,0.775662,558.807,1.911,-13.657,-1.505,-9.775,-1.077,529.571,907.428,377.857,13,0,-1745.011,367.294,-493.156,2.723,46.765,1485.029,992.43,0.147,-45.057,-150.615,-37.885,-21.76,2,-31.662,292,18,81.251,-61.664,0.776,32.517,5.929,15.765,147.609,0.65,-2.15,-30.094,153.848,615.391,0.822
4ib5_mcts_1_log.txt,HWKFIITETWHCC,13,1228.46,-33.2247,2,3,0.78019,9.584322074,354.7748718,16762.7,25,29.2097,821.799,406.663,-35.2104,-0.0286622,-0.0270457,-3.29347,0.0991273,0.618927,81.377,0.204,-35.21,-2.866,-33.225,-2.705,821.799,1228.462,406.663,2,0,-2159.326,538.976,-540.27,4.002,77.74,1091.044,1312.575,0.099,-56.425,-54.335,-45.36,-105.659,3,-54.056,342,25,47.553,-48.401,0.619,29.21,8.55,-12.243,76.272,0.78,-3.047,-48.748,86.555,778.992,0.74
4ib5_mcts_2_log.txt,VTQYCRWKWISMH,13,1257.73,-30.3143,4,4,0.703648,8.84999199,344.5419617,17068.6,22,-0.674267,885.873,371.859,-36.6598,-0.0291476,-0.0241023,-3.95478,0.13046,0.647228,74.855,0.204,-36.66,-2.915,-30.314,-2.41,885.872,1257.732,371.859,4,0,-2147.143,540.686,-539.237,3.999,77.893,1049.352,1304.654,0.13,-57.204,-51.589,-45.479,-108.538,4,-50.625,342,22,48.572,-45.184,0.647,-0.674,8.666,11.11,74.415,0.704,-3.041,-45.611,4.397,30.777,0.506
4ib5_mcts_3_log.txt,IWHYADIEGRMCK,13,1168.05,-29.68,7,2,0.785751,9.177964556,370.1567993,16802.9,28,27.6069,793.335,374.714,-35.9673,-0.0307926,-0.0254099,-1.59531,0.0537501,0.637867,164.437,0.431,-35.967,-3.079,-29.68,-2.541,793.335,1168.05,374.714,7,0,-2168.723,555.139,-547.091,4.02,78.946,1176.238,1311.24,0.054,-55.527,-51.276,-45.314,-107.615,2,-54.667,342,28,47.251,-47.14,0.638,27.607,8.261,-9.714,69.657,0.786,-3.342,-66.83,104.978,839.823,0.753
4kel_mcts_1_log.txt,WHSYLFYPVPFNWI,14,1788.49,-53.3658,7,9,0.751802,13.44590359,584.9060669,10378.4,37,20.9601,1202.77,585.719,-64.9535,-0.0363176,-0.0298385,-8.82931,0.165449,0.764457,406.162,1.72,-64.954,-3.632,-53.366,-2.984,1202.77,1788.489,585.719,7,-1.733,-1358.604,304.391,-322.313,2.168,35.565,1095.77,719.072,0.165,-28.763,-85.161,-12.034,-39.211,9,-32.295,233,37,51.876,-45.865,0.764,20.96,10.417,7.639,105.043,0.752,-1.996,-49.888,68.784,825.412,0.199
4kel_mcts_2_log.txt,TRHSPREENVWAFW,14,1837.1,-38.3956,11,8,0.706742,12.98355728,525.1357422,10392,40,19.1936,1109.28,727.815,-53.3917,-0.0290631,-0.0209002,-4.77045,0.124245,0.586932,406.177,1.684,-53.392,-2.906,-38.396,-2.09,1109.282,1837.097,727.815,11,-1.972,-1349.005,309.501,-321.109,2.226,35.574,1076.346,735.646,0.124,-28.528,-83.259,-10.748,-39.16,8,-31.707,233,40,48.651,-44.456,0.587,19.194,9.58,1.251,97.177,0.707,-1.751,-45.519,58.09,813.264,0.168
4kel_mcts_3_log.txt,SVSYKNWIFYSFLE,14,1843.51,-53.1534,4,8,0.722531,13.31993124,585.460144,10378.5,37,7.94487,1309.59,533.921,-66.8899,-0.0362839,-0.0288326,-7.44874,0.140137,0.779837,293.132,1.239,-66.89,-3.628,-53.153,-2.883,1309.593,1843.514,533.921,4,-1.905,-1345.823,300.768,-322.685,2.214,35.298,982.113,715.847,0.14,-30.997,-85.019,-9.786,-39.516,8,-29.749,233,37,49.55,-43.519,0.78,7.945,8.38,5.412,102.351,0.723,-2.238,-58.187,32.013,352.147,0.199
5h5q_mcts_1_log.txt,QQEGYINVAAEEA,13,996.434,-20.1516,3,3,0.780109,7.773271313,266.1990356,8719.94,22,13.2566,592.644,403.79,-23.2158,-0.0232989,-0.0202237,-3.65433,0.181342,0.700393,357.252,1.97,-23.216,-2.33,-20.152,-2.022,592.644,996.434,403.79,3,0,-1110.159,295.118,-303.942,1.922,34.062,865.288,691.618,0.181,-36.542,-38.348,-10.014,-47.755,3,-24.896,178,22,39.658,-22.825,0.7,13.257,4.633,-14.304,33.705,0.78,-3.42,-47.873,42.44,339.519,0.032
5h5q_mcts_2_log.txt,YLCWKQEKNCDMN,13,1212.31,-29.2312,1,5,0.701194,8.500644981,339.7388306,8664.98,29,11.7604,661.437,550.876,-35.6499,-0.0294065,-0.024112,-4.20198,0.14375,0.676141,441.854,2.396,-35.65,-2.941,-29.231,-2.411,661.437,1212.313,550.876,1,0,-1132.398,296.301,-302.319,1.95,34.837,963.951,701.845,0.144,-37.532,-37.92,-11.03,-45.707,5,-28.578,178,29,40.977,-22.863,0.676,11.76,4.531,-22.277,38.061,0.701,-3.166,-56.995,36.186,398.048,0.026
5h5q_mcts_3_log.txt,IGRNNGKSGPARY,13,1117.44,-17.275,5,3,0.713708,7.975258675,287.3848572,8742.86,32,24.1528,586.416,531.021,-20.0048,-0.0179024,-0.0154594,-1.74951,0.101275,0.616666,486.051,2.706,-20.005,-1.79,-17.275,-1.546,586.416,1117.437,531.021,5,0,-1102.397,288.624,-306.475,1.924,33.951,939.85,686.819,0.101,-40.162,-35.266,-12.111,-46.371,3,-24.184,178,32,84.617,-20.532,0.617,24.153,6.939,-6.249,36.908,0.714,-3.248,-64.961,69.821,837.85,0.167
5tu6_mcts_1_log.txt,HHSSQDL,7,910.802,-10.5564,5,1,0.679013,6.184463984,229.855423,14366.9,17,41.0366,480.484,430.318,-14.6329,-0.016066,-0.0115902,-1.51652,0.143659,0.651414,156.486,0.492,-14.633,-1.607,-10.556,-1.159,480.484,910.802,430.318,5,0,-1867.612,486.646,-488.329,3.708,61.294,1035.227,1112.65,0.144,-27.549,-88.308,-11.715,-103.73,1,-46.558,303,17,48.116,-29.731,0.651,41.037,8.527,15.545,47.828,0.679,-1.973,-25.645,180.817,723.267,0.475
5tu6_mcts_2_log.txt,KRGWYIV,7,1065,192.168,14,3,0.581141,6.18915165,351.4477844,14491.6,26,30.1948,709.373,355.622,96.566,0.0906727,0.18044,-0.773425,-0.00402473,0.67749,229.279,0.743,96.566,9.067,192.168,18.044,709.373,1064.996,355.622,14,0,-1896.674,560.924,-496.985,4.053,60.097,1046.853,1120.189,-0.004,-26.38,-88.645,-13.777,-103.964,3,-45.567,303,26,47.939,-28.383,0.677,30.195,9.023,20.766,58.723,0.581,2.919,55.457,104.23,729.608,1.086
5tu6_mcts_3_log.txt,GKFNTFH,7,1037.35,-22.3216,2,1,0.679299,7.046708177,330.0309143,14417,22,16.275,657.57,379.775,-27.903,-0.0268985,-0.021518,-2.01444,0.0902464,0.721292,179.086,0.591,-27.903,-2.69,-22.322,-2.152,657.57,1037.345,379.775,2,0,-1878.027,478.241,-487.258,3.712,60.478,1089.638,1106.802,0.09,-29.264,-89.053,-13.652,-104.123,1,-48.014,303,22,47.691,-27.672,0.721,16.275,9.068,6.868,52.975,0.679,-2.336,-37.372,65.904,395.422,0.676
6d40_mcts_1_log.txt,RWSGYMSYEHAGNS,14,1509.77,-26.1734,13,4,0.729079,11.00741602,464.7237549,11201.1,36,20.9407,896.016,613.757,-31.2334,-0.0206875,-0.017336,-4.28663,0.163778,0.633114,343.315,1.273,-31.233,-2.069,-26.173,-1.734,896.016,1509.773,613.757,13,0.708,-1524.272,328.698,-367.283,2.439,43.759,1026.946,878.249,0.164,-41.801,-88.598,-8.692,-38.98,4,-34.272,260,36,81.848,-58.135,0.633,20.941,14.267,13.965,114.41,0.729,-1.619,-42.1,79.596,795.964,0.057
6d40_mcts_2_log.txt,TRPYCYYCGLRIQF,14,1407.85,-10.3003,9,0,0.626128,8.814943048,376.7312927,11376.1,33,26.6381,838.372,569.477,-22.4848,-0.015971,-0.00731637,0,0,0.626278,451.907,1.714,-22.485,-1.597,-10.3,-0.732,838.372,1407.849,569.477,9,1.099,-1534.386,336.715,-372.758,2.528,42.565,1118.875,865.842,0,-34.958,-87.442,-11.843,-39.426,0,-36.055,260,33,86.005,-53.459,0.626,26.638,15.503,28.903,123.842,0.626,-1.089,-23.953,82.092,903.01,0.358
6d40_mcts_3_log.txt,MYALKTSHFNNDVL,14,1392.28,-33.7788,7,7,0.758284,10.55743648,413.3669739,11473.3,33,22.0452,854.026,538.254,-43.7305,-0.0314093,-0.0242615,-5.78191,0.17117,0.729475,319.398,1.192,-43.731,-3.141,-33.779,-2.426,854.026,1392.28,538.254,7,1.165,-1520.881,332.776,-377.599,2.503,43.485,1005.409,857.103,0.171,-36.125,-91.744,-12.26,-39.36,7,-33.185,260,33,89.764,-54.215,0.729,22.045,13.389,21.265,117.505,0.758,-1.488,-35.714,84.801,763.206,0.405
6u6k_mcts_1_log.txt,FRGKWKVWQEN,11,1234.42,-29.0726,5,6,0.638615,7.883191283,324.9037476,8038.46,19,18.8086,797.134,437.29,-37.925,-0.0307228,-0.0235515,-5.60532,0.192804,0.584734,505.031,3.686,-37.925,-3.072,-29.073,-2.355,797.134,1234.423,437.29,5,0,-843.564,220.358,-210.365,1.561,26.282,906.005,521.981,0.193,-19.189,-6.434,-6.655,-58.45,6,-28.296,137,19,14.454,-25.032,0.585,18.809,7.593,-7.124,11.209,0.639,-2.209,-26.51,54.839,383.874,0.697
6u6k_mcts_2_log.txt,TMDRSQVNEWK,11,931.465,-5.14876,5,1,0.684197,6.373055586,195.1307983,8191.13,17,49.835,620.425,311.04,-8.11355,-0.00871052,-0.00552759,-1.3782,0.267677,0.417836,625.541,4.504,-8.114,-0.871,-5.149,-0.553,620.425,931.465,311.04,5,0,-832.874,212.065,-191.653,1.507,26.215,984.939,532.51,0.268,-18.715,-6.621,-3.338,-57.541,1,-30.995,137,17,12.933,-23.112,0.418,49.835,11.447,0.722,8.02,0.684,-0.788,-7.882,122.154,855.077,0.031
6u6k_mcts_3_log.txt,LWTKCIDFHIM,11,1072.11,-20.0009,7,1,0.677108,7.259342579,310.9590454,8366.74,17,15.6617,652.224,419.888,-25.0403,-0.0233561,-0.0186556,-0.404787,0.0202384,0.542565,83.389,0.563,-25.04,-2.336,-20.001,-1.866,652.224,1072.112,419.888,7,0,-821.887,218.005,-190.284,1.559,25.656,388.245,493.892,0.02,-17.167,-5.25,-5.083,-56.951,1,-30.386,137,17,63.219,-25.027,0.543,15.662,7.44,14.949,21.719,0.677,-1.779,-17.794,40.577,284.043,0.741
6vxy_mcts_1_log.txt,RPRCIFCPKVDSLW,14,1512.91,-38.9549,20,10,0.748291,11.32096937,444.1436768,9625.83,39,21.5224,821.56,691.348,-48.0057,-0.0317308,-0.0257484,-7.51162,0.192829,0.702913,498.704,2.09,-48.006,-3.173,-38.955,-2.575,821.56,1512.908,691.348,20,9.699,-1342.641,287.518,-340.596,2.046,32.427,1067.578,785.983,0.193,-48.989,-79.063,-13.85,-33.178,10,-35.162,234,39,88.504,-42.337,0.703,21.522,5.973,23.047,131.39,0.748,-0.344,-9.282,70.721,848.655,0.355
6vxy_mcts_2_log.txt,HKPYCPEYSTHSFD,14,1520.4,-26.621,19,7,0.725099,11.0244052,420.6814575,9411.24,37,22.1119,808.788,711.609,-47.4793,-0.0312282,-0.0175093,-7.43282,0.279209,0.694645,476.37,1.999,-47.479,-3.123,-26.621,-1.751,808.788,1520.398,711.609,19,0.189,-1337.393,281.84,-333.764,2.079,32.29,1064.034,791.984,0.279,-45.134,-80.103,-13.957,-34.413,7,-36.132,234,37,85.203,-42.788,0.695,22.112,7.771,15.831,118.156,0.725,-0.514,-13.364,75.591,831.506,0.676
6vxy_mcts_3_log.txt,MDHQNAYGFNLWSR,14,1696.12,-36.1972,26,7,0.689292,11.69121947,507.1754761,9257.22,36,23.5301,1013.56,682.558,-50.2695,-0.0296379,-0.0213411,-5.03793,0.13918,0.744257,495.683,2.064,-50.27,-2.964,-36.197,-2.134,1013.563,1696.121,682.558,26,-0.318,-1354.489,295.469,-341.881,2.125,32.742,1071.789,804.468,0.139,-48.944,-79.277,-14.102,-34.738,7,-38.476,234,36,91.627,-43.145,0.744,23.53,5.311,23.061,123.96,0.689,0.109,2.73,76.76,844.355,0.501
7ezw_mcts_1_log.txt,YDSMNTVQHPG,11,1404.56,-14.8328,15,4,0.606258,8.515257365,405.4604187,9448.57,33,27.9631,889.668,514.897,-21.1701,-0.0150724,-0.0105605,-2.9325,0.197703,0.627538,593.764,3.151,-21.17,-1.507,-14.833,-1.056,889.668,1404.564,514.897,15,0,-1121.931,278.164,-347.385,2.022,39.674,1096.668,728.298,0.198,-20.387,-58.046,-20.564,-48.841,4,-22.619,186,33,37.145,-26.312,0.628,27.963,4.126,20.734,52.873,0.606,-1.799,-41.373,96.416,964.156,0.145
7ezw_mcts_2_log.txt,CYEWNVGPGNW,11,944.068,-19.3541,7,1,0.81226,7.668286737,295.0282593,9899.88,16,48.7613,551.01,393.058,-26.8531,-0.028444,-0.0205007,-0.730847,0.037762,0.722959,439.967,2.32,-26.853,-2.844,-19.354,-2.05,551.01,944.068,393.058,7,0,-1111.729,282.322,-338.207,2.03,38.976,963.838,710.519,0.038,-19.434,-57.964,-17.784,-49.127,1,-23.672,186,16,33.989,-29.909,0.723,48.761,2.846,-5.673,58.762,0.812,-2.157,-23.727,160.782,803.908,0.183
7ezw_mcts_3_log.txt,MWYKDFAKGKE,11,1329.28,-28.8088,5,2,0.638362,8.485618394,360.4621582,9659.28,22,34.8609,862.861,466.419,-33.4512,-0.0251649,-0.0216725,-2.18276,0.0757673,0.594584,426.077,2.276,-33.451,-2.516,-28.809,-2.167,862.861,1329.279,466.419,5,0,-1114.319,289.122,-344.088,2.057,39.612,964.19,715.434,0.076,-22.854,-57.728,-18.46,-49.615,2,-25.643,186,22,34.492,-30.627,0.595,34.861,2.514,-12.192,54.039,0.638,-1.994,-29.911,113.836,796.852,0.142
7k2j_mcts_1_log.txt,MNFGWSE,7,881.571,-15.7091,3,4,0.644375,5.680623131,214.2749634,11990.7,20,29.5276,471.286,410.285,-19.5359,-0.0221604,-0.0178194,-3.16542,0.201503,0.794695,99.301,0.334,-19.536,-2.216,-15.709,-1.782,471.286,881.571,410.285,3,0,-1754.438,382.738,-472.816,2.835,47.563,937.487,1002.969,0.202,-44.082,-149.045,-27.786,-21.982,4,-30.769,290,20,99.348,-62.712,0.795,29.528,6.84,34.417,148.442,0.644,-2.553,-38.3,125.77,628.851,0.292
7k2j_mcts_2_log.txt,LMHDKSQ,7,721.386,-1.31917,5,3,0.70416,5.079711658,175.9741669,12111.3,15,54.1368,371.112,350.274,-8.36619,-0.0115974,-0.00182866,-2.6648,2.02006,0.762896,640.003,1.009,-8.366,-1.16,-1.319,-0.183,371.112,721.386,350.274,5,0,-1756.346,394.204,-479.3,2.825,46.171,1489.466,1012.837,2.02,-43.385,-149.51,-30.038,-20.705,3,-28.94,290,15,74.203,-59.416,0.763,54.137,6.834,35.551,145.279,0.704,-0.991,-10.899,205.738,822.951,0.273
7k2j_mcts_3_log.txt,GFESSRE,7,955.639,-9.49057,11,4,0.661572,6.322240045,286.0570068,11637.1,27,34.3303,494.419,461.221,-15.3442,-0.0160565,-0.00993112,-2.48848,0.262205,0.816517,402.362,1.375,-15.344,-1.606,-9.491,-0.993,494.419,955.639,461.221,11,0,-1771.714,378.436,-480.949,2.795,47.058,1280.959,1026.054,0.262,-42.193,-149.741,-30.84,-22.233,4,-32.559,290,27,72.226,-59.96,0.817,34.33,6.605,35.445,142.755,0.662,-2.504,-52.589,163.251,979.508,0.217
